<?xml version="1.0" encoding="UTF-8"?>
<!DOCTYPE mapper
  PUBLIC "-//mybatis.org//DTD Mapper 3.0//EN"
  "http://mybatis.org/dtd/mybatis-3-mapper.dtd">
  
<mapper namespace="com.koreait.mapper.BoardMapper">
	<!-- sql태그는 변수처럼 원하는 코드를 넣어서 어디에서든 사용 가능 -->
	<!-- 필요한 곳에서는 include 태그를 사용해서 변수처럼 불러와서 사용 -->
	<sql id="cri">
		<if test="keyword != null and type != null">
			<trim prefixOverrides="or" prefix="(" suffix=") and">
				<foreach collection="typeArr" item="type">
					<trim prefix="or">
						<choose>
							<when test="type == 'T'.toString()">
								(boardtitle like('%${keyword}%'))
							</when>
							<when test="type == 'C'.toString()">
								(boardcontents like('%${keyword}%'))
							</when>
							<when test="type == 'W'.toString()">
								(userid like('%${keyword}%'))				
							</when>
						</choose>
					</trim>
				</foreach>
			</trim>
		</if>
	</sql>
	
	<insert id="insert">
		insert into spring_board (boardtitle, boardcontents, userid) values(#{boardtitle},#{boardcontents},#{userid})
	</insert>
	<update id="update">
		update spring_board set boardtitle=#{boardtitle}, boardcontents=#{boardcontents}, updatedate=now() where boardnum=#{boardnum}
	</update>
	<delete id="delete">
		delete from spring_board where boardnum=#{boardnum}
	</delete>
	
	<select id="getList" resultType="com.koreait.domain.BoardDTO">
		select * from spring_board where
		<include refid="cri"></include>	
		<![CDATA[
			0 < boardnum order by boardnum desc limit #{startrow}, #{amount}
		]]>
	</select>
	<select id="getMaxBoardnum" resultType="_int">
		select max(boardnum) from spring_board where userid=#{userid}
	</select>
	<select id="getDetail" resultType="com.koreait.domain.BoardDTO">
		select * from spring_board where boardnum=#{boardnum}
	</select>
	<select id="getTotal" resultType="_int">
		select count(*) from spring_board where <include refid="cri"></include>	 boardnum > 0;
	</select>
	
</mapper>