<?xml version="1.0" encoding="UTF-8"?>
<!DOCTYPE mapper
  PUBLIC "-//mybatis.org//DTD Mapper 3.0//EN"
  "http://mybatis.org/dtd/mybatis-3-mapper.dtd">
  
<mapper namespace="com.koreait.mapper.BoardMapper">
	<insert id="insert">
		insert into spring_board (boardtitle, boardcontents, userid) values(#{boardtitle},#{boardcontents},#{userid})
	</insert>
	<select id="getList" resultType="com.koreait.domain.BoardDTO">
		select * from spring_board where
		<if test="keyword != null and type != null">
			<trim prefixOverrides="or" prefix="(" suffix=") and">
				<foreach collection="typeArr" item="type">
					<trim prefix="or">
						<choose>
							<when test="type == 'T'.toString()">
								(boardtitle like('%${keyword}%'))
							</when>
							<when test="type == 'C'.toString()">
								(boardcontents like('%${keyword}%'))
							</when>
							<when test="type == 'W'.toString()">
								(userid like('%${keyword}%'))				
							</when>
						</choose>
					</trim>
				</foreach>
			</trim>
		</if>				
		<![CDATA[
			0 < boardnum order by boardnum desc limit #{startrow}, #{amount}
		]]>
	</select>
	<select id="getMaxBoardnum" resultType="_int">
		select max(boardnum) from spring_board where userid=#{userid}
	</select>
	<select id="getDetail" resultType="com.koreait.domain.BoardDTO">
		select * from spring_board where boardnum=#{boardnum}
	</select>
	<select id="getTotal" resultType="_int">
		select count(*) from spring_board where boardnum > 0;
	</select>
</mapper>